id,label,sex,birth,type
JSR,Jan Stefan Roell,2,1954,0
MB,Martina Burgetsmeier,1,1967,0
CB,Christine Brach,1,na,0
TM,Tobias Mehlich,2,na,0
HM,Harald Molle,2,na,0
CK,Christoph Kuebel,2,1959,0
KW,Kerstin Wagner,1,na,0
WB,Wilhelm Bauer,2,na,0
COE,Christian O. Erbe,2,1961,0
AG,Alfred Goll,2,1956,0
MK,Martina Koederitz,1,1964,0
ML,Mark Langer,2,1968,0
JR,Juergen Rautert ,2,na,0
SMH,Stephanie Mair-Huydts,1,1963,0
IF,Ingrid Felgentraeger,1,1952,0
AB,Andreas Bieswanger,2,na,0
GF,Gerhard Floeck,2,na,0
SSl,Stephan Scholl,2,1957,0
JW,Jeanette Weisschuh,1,1963,0
UB,Ursula Bilger,1,1956,0
PLL,Paula Lutum-Lenger,1,1957,0
KM,Klaus Moser,2,na,0
BR,Bernd Richter,2,na,0
HW,Henning Wagner,2,na,0
CR,Christiane Riedel,1,1962,0
JB,Joachim Bernauer ,1,na,0
TMD,Thomas Mayfried ,2,na,0
FR,Florian Roetzer,2,1953,0
NB,Nicole Brenez ,1,1961,0
KS,Klaus Schrenk,2,1949,0
MAZSS,Marie-Amelie zu Salm-Salm,1,na,0
TDT,Thomas D. Trummer,2,1967,0
MA,Martin Auch,2,na,0
GW,Gudrun Wurlitzer,1,na,0
HG,Hansgerd Gengenbach,2,1954,0
CH,Christel Hausding,1,1949,0
DK,Dietmar Kamlah,2,na,0
JL,Johannes Luithle,2,1968,0
GM,Gerhard Maier,2,1937,0
IR,Ingo Rust,2,1978,0
JRR,Jorunn Ragnarsdottir,1,1957,0
UG,Ulrike Groos,1,1963,0
EP,Ester Petri,1,na,0
UL,Ulrike Lorenz,1,1963,0
HDG,Herta Daeubler-Gmelin,1,1943,0
IHM,Ingrid Hamm,1,1955,0
MH,Martin Hettich,2,1962,0
PL,Peter Leibinger,2,1967,0
FWK,Friedrich Walter Keller,2,1957,0
KRV,Karl-Reinhard Volz,2,1947,0
JM,Johannes Michel,2,1962,0
KU,Kerstin Unseld,1,na,0
HK,Hansjoerg Korward,2,1965,0
MP,Manfred Popp,2,1941,0
SF,Stephan Frucht,2,1972,0
EMG,Evelyn Meining,1,1966,0
BW,Beatrice Werner,1,na,0
EML,Ernst-Moritz Lipp,2,1951,0
CBZ,Clemens Benz,2,na,0
BE,Bernhard Eitel,2,1959,0
CEZ,Carmen Emigholz,1,1962,0
MTM,Maria Therese Mueller,1,na,0
MW,Martin J. Worms,2,1954,0
MO,Manfred Oeming,2,1955,0
MD,Mark Dainow,2,1948,0
SKN,Salomon Korn,2,1943,0
EE,Eva Eckkrammer,1,1968,0
UF,Ulrike Freundlieb,1,1953,0
TP,Thomas Peuntner,2,na,0
MSR,Martin Schumacher,2,1960,0
SKH,Stefan Keh,1,na,0
AL,Andrea Leu,2,na,0
MDR,Marion Diener,2,na,0
BEBN,Barbara Ettinger-Brinckmann,2,1950,0
TRE,Thomas Regele,2,na,0
RS,Renate Schubert,1,na,0
AK,Andreas Kreimeyer,2,1955,0
CET,Claudia Eckert,1,1959,0
PG,Petra Gerstenkorn,1,1954,0
SKT,Susanne Kunschert,1,1970,0
WDL,Wolf-Dieter Lukas,2,1957,0
SQ,Stefan Quandt,2,1966,0
VS,Viktor Scherer,2,na,0
SSZ,Simone Schwanitz,1,1968,0
MUH,Marliese Uhrig-Homburg,1,na,0
DZ,Dieter Zetsche,2,1953,0
HB,Hanna Binder,1,na,0
EDG,Elke Doering,1,na,0
WH,Wolfgang Hansch,2,na,0
SHT,Sabine Haupt,1,na,0
ARS,Anke Rigbers,1,na,0
PT,Peter Tropschuh,2,1958,0
EF,Erika Faust,1,na,0
ALM,Alexandra Laufer-Mueller,1,1971,0
MRM,Michelle Rowbotham,1,na,0
DSK,Dirk Schallock,2,na,0
JSZ,Joachim Schulz,2,na,0
MZ,Michele Zimmermann,1,na,0
EMA,Eva-Maria Armbruster,1,1959,0
DBK,Dietrich Birk,2,1967,0
SLZ,Sabine Lutz,1,na,0
CRH,Christian Rauch,2,na,0
TS,Thomas Speidel,2,na,0
DAS,Dorothee Ambrosius,1,na,0
MBR,Monika Beltinger,1,na,0
WGDN,Wolfgang Dorn,2,na,0
GL,Gerd Leipold,2,1951,0
SM,Steffen Mayer,2,na,0
WM,Wolfram Muench,2,na,0
UJV,Udo J. Vetter,2,na,0
TL,Thomas Lindner,2,na,0
UMR,Ursula Maier,1,na,0
HMR,Hermann Mettler,2,na,0
SESR,Sophie Schwoerer,1,na,0
MKE,Michael Kaschke,2,1957,0
FE,Franziska Eichel,1,na,0
GG,Gerhard Grimminger,2,1941,0
JK,Jochen Kress,2,1975,0
SKNN,Stefan Kampmann,2,1963,0
MWR,Michael Weber,2,1959,0
HS,Heidi Stock,1,na,0
RMW,Rosemarie Miller-Weber,1,na,0
WDN,Walter Doerin,2,1954,0
HGR,Hans Gruber ,2,1960,0
HR,Hermann Reichold ,2,1955,0
KMM,Katharina Maag Merki ,1,1964,0
ABH,Anja Bauer-Harz,1,1963,0
CM,Christian Medweth,2,1966,0
KH,Karsta Holch ,1,1949,0
JLG,Jutta Lang,1,1963,0
RL,Reinhard Loose,2,1965,0
AT,Andreas Trumpp,2,1964,0
GWN,Gert Weisskirchen,2,1944,0
ELB,Elke Luise Barnstedt,1,1956,0
AR,Anke Rigbers,1,1964,0
RR,Renate Rastaetter,1,1947,0
DFX,Dirk Fox,2,na,0
EWH,Erich W. Hacker,2,1952,0
HH,Holger Hebart,2,1964,0
CT,Carl Trinkl,2,1954,0
AZ,Andreas Zielonka,2,1957,0
UH,Ulrich Hebenstreit,2,1947,0
TB,Thorsten Bohl,2,1967,0
MM,Michael Muehlbayer ,2,1955,0
SS,Stefanie Schneider,1,1961,0
US,Ulrike Schiller,1,na,0
MT,Mehmet Toker,2,1971,0
AP,Anja Peck ,1,1973,0
RP,Roland Proeger ,2,na,0
GP,Grit Puchan ,2,1960,0
KMR,Klaus Michael Rueckert,2,1967,0
BB,Bettina Bernadotte,1,1974,0
IB,Iris Bienert,1,na,0
MBH,Margaretha Barth,1,na,0
WG,Wolfgang Grenke,2,1951,0
CRR,Carola Richter,1,na,0
TR,Tanja Rueckert,1,na,0
FP,Frithjof Punke,2,na,0
UK,Ulrich Kleine,2,1959,0
KE,Klaus Erdich ,2,na,0
NO,Nicola Osypka,1,na,0
MR,Marc Renner ,2,1957,0
BSR,Baerbel Schaefer ,1,1958,0
BSP,Brigitta Schrempp,1,1965,0
HT,Hariolf Teufel,2,na,0
MRR,Marc Rueger ,2,na,0
SH,Sabine Hagmann ,1,1964,0
WP,Waltraud Pustal ,1,na,0
SSR,Sven Schneider,2,na,0
JS,Jutta Suchanek,1,na,0
GB,Guido Bader,2,1972,0
MDZ,Maria Dietz,1,na,0
JLR,Juergen Laukemper,2,1958,0
WS,Walter Schoefer,2,na,0
MS,Manuel Schupp,2,1959,0
DB,Deutsche Bahn ,0,na,1
SBB,S-Bahn Berlin,0,na,1
GFIF,Gesellschaft fuer immobilienwirtschaftliche Forschung e.V.,0,na,1
WIUB,Wirtschaftsverbands industrieller Unternehmen Baden e.V.,0,na,1
GFA,Gesellschaft fuer Arbeitswissenschaft ,0,na,1
DGFNB,Deutsche Gesellschaft fuer Nachhaltiges Bauen e. V.,0,na,1
DNB,Deutsches Netzwerk Buero e. V.,0,na,1
EC,European Commission,0,na,1
BS,Bertelsmann Stiftung,0,na,1
IFFPR,International Foundation for Production Research,0,na,1
IGM,IG Metall ,0,na,1
AIBW,Allianz Industrie 4.0 des Landes Baden-Wuerttemberg ,0,na,1
RMB,Redaktionsbeirat Mensch & Buero,0,na,1
RIDW,Rationalisierungs- und Innovationszentrum der Deutschen Wirtschaft e. V. ,0,na,1
VDI,Verein Deutscher Ingenieure e. V.,0,na,1
WGAB,Wissenschaftliche Gesellschaft fuer Arbeits- und Betriebsorganisation,0,na,1
FETZEE,Fachverband Elektromedizinische Technik des Zentralverbandes der Elektrotechnik- und Elektronikindustrie e.V.,0,na,1
AS,Arbeitgeberverband Suedwestmetall,0,na,1
MES,Verband der Metall- und Elektroindustrie des Saarlandes e.V.,0,na,1
IH,Industrie- und Handelskammer,0,na,1
DHBW,Duale Hochschule Baden-Wuerttemberg ,0,na,1
REW,REW,0,na,1
BWI,Bird Watch Ireland GmbH,0,na,1
W,Witzenmann GmbH,0,na,1
FJ,Freundeskreis Jevpatorija e.V.,0,na,1
SL,Sozialberatung Ludwigsburg e.V. ,0,na,1
RYL,Rock your Life,0,na,1
IS,Integriertes Semesterpraktikum,0,na,1
VZUDS,SELF e.V. - Verein zur Unterstuetzung der Selbstaendigen,0,na,1
SPM,siggset Print und Media AG,0,na,1
FKS,Foerderverein Kinderfreundliches Stuttgart e.V.,0,na,1
GFKN,Gesellschaft fuer Konsumforschung Nuernberg e. V.,0,na,1
UKU,Universitaetsklinikums Ulm,0,na,1
ISUNU,Internationale Schule Ulm/Neu-Ulm,0,na,1
EO,Entrepreneurs Organization,0,na,1
VDEEI,Verband der Elektrotechnik Elektronik Informationstechnik e. V.,0,na,1
MDBG,Museum der Bayerischen Geschichte ,0,na,1
MVCUJ,Museum von Christen und Juden,0,na,1
THHS,Theodor Heuss Haus Stuttgart,0,na,1
EL,EVN-Lichttechnik GmbH,0,na,1
LM,Liebenzeller Mission,0,na,1
PS,Pforzheimer Stadtmission,0,na,1
SG,Sueddeutscher Gemeinschaftsverband,0,na,1
ETFL,Evangelisch Theologische Fakultaet Leuven,0,na,1
KDL,Kulturstiftung der Laender,0,na,1
HKG,Hessische Kulturstiftung,0,na,1
SSK,Stiftung Saarlaendischer Kulturbesitz,0,na,1
VM,Villa Massimo,0,na,1
KSS,Kuratorium Schloss Solitude,0,na,1
IJOSA,International Journal of Selection and Assessment,0,na,1
ESF,European Science Foundation,0,na,1
DF,Deutsche Forschungsgemeinschaft,0,na,1
KIU,Karlshochschule International University,0,na,1
HSP,Hochschule Pforzheim,0,na,1
FDSM,Fachbeirat der Stadt Muenchen,0,na,1
KFSIM,Kommission fuer Stadtgestaltung in Muenchen,0,na,1
GDSFIB,Gestaltungsbeirat der Stadt Freiburg im Breisgau,0,na,1
GR,Gestaltungsbeirat Reutlingen ,0,na,1
GeRe,Gestaltungsbeirat Reutlingen,0,na,1
RG,Remstal Gartenschau 2019,0,na,1
BaBe,Baukollegium Berlin,0,na,1
BCD,Berlin Creative District,0,na,1
BDSZ,Baukollegium der Stadt Zuerich,0,na,1
KuSt,Kunstmuseum Stuttgart,0,na,1
ADB,Ankaufskommission des Bundes ,0,na,1
CGS,Camille Graeser Stiftung ,0,na,1
WSS,Walter Stoehrer Stiftung,0,na,1
StSt,Stankowski-Stiftung ,0,na,1
KBW,Kunststiftung Baden-Wuerttemberg,0,na,1
KL,Kunstmuseum Liechtenstein,0,na,1
MUFBW,Medien- und Film GmbH Baden-Wuerttemberg,0,na,1
ZKM,ZKM,0,na,1
KuMa,Kunsthalle Mannheim,0,na,1
KOG,Kunstforum Ostdeutsche Galerie,0,na,1
DeMu,Deutscher Museumsbund,0,na,1
ADKB,Akademie der Kuenste Berlin,0,na,1
RWTHA,Rheinisch-Westfaelische Technische Hochschule Aachen,0,na,1
SPD,Sozialdemokratische Partei Deutschlands,0,na,1
VO,Virtueller Ortsverein,0,na,1
IAOLANA,International Association of Lawyers against Nuclear Arms,0,na,1
DHUP,Deutschen Hospitz- und Palliativverbands,0,na,1
ELSAD,ELSA-Deutschland e.V.,0,na,1
BERUR,Bundesverband ehrenamtlicher Richterinnen und Richter e.V.,0,na,1
RBS,Robert Bosch Stiftung,0,na,1
GPI,Global Perpective Initiative,0,na,1
KaScSt,Karl Schlecht Stiftung,0,na,1
UT,Universitaet Tuebingen,0,na,1
UNICEF,UNICEF,0,na,1
BueSt,Buergerstiftung Stuttgart,0,na,1
DeRe,Deutsche Rettungsflugwacht e. V. ,0,na,1
EFC,European Foundation Center,0,na,1
SPARDAB,Sparda-Bank ,0,na,1
T,Trumpf,0,na,1
BFBUF,Bundesministerium fuer Bildung und Forschung,0,na,1
DPE,Deutsche Private Equity,0,na,1
DFL,Deutsche Fußball Liga GmbH,0,na,1
SCF,SC Freiburg,0,na,1
WGF,Wissenschaftliche Gesellschaft Freiburg,0,na,1
UniFre,Universitaet Freiburg ,0,na,1
KEG,Karg-Elert-Gesellschaft,0,na,1
SWR,Sued-West-Rundfunk,0,na,1
VDM,Verband deutscher Musikschulen,0,na,1
FoKa,Forschungszentrum Karlsruhe,0,na,1
TUD,Technische Universitaet Darmstadt,0,na,1
KHBS,Karl Heinz Beckurts-Stiftung,0,na,1
ZFKUM,Zentrum fuer Kunst und Medientechnologie ,0,na,1
FKK,Foerdergemeinschaft Kunst Karlsruhe,0,na,1
KIFT,Karlsruher Institut fuer Technologie ,0,na,1
GZVVL,Gesellschaft zur Verwertung von Leistungsschutzrechten,0,na,1
BrSo,Brandenburgische Sommerkonzerte ,0,na,1
DSFCC,Deutsche Standards fuer Corporate Collections ,0,na,1
SPK,Stiftung Preußischer Kulturbesitz,0,na,1
WD,Weltkulturforum Dresden ,0,na,1
VBIKKB,VBIK-Kulturausschuss Berlin,0,na,1
DM,Dialogforum Musikwirtschaft,0,na,1
VUT,Verband unabhaengiger Tontraegerhersteller,0,na,1
GEMA,GEMA,0,na,1
KDDW,Kulturkreis der Deutschen Wirtschaft e.V.,0,na,1
RC,Rotary Club,0,na,1
SK,Singende Kindergaerten,0,na,1
DrBa,Dresdner Bank AG,0,na,1
MFWFUKBW,"Ministerium fuer Wissenschaft, Forschung und Kunst Baden-Wuerttemberg",0,na,1
LFS,Landesinstitut fuer Schulentwicklung ,0,na,1
UM,Universitaetsmedizin Mannheim,0,na,1
UnHe,Universitaet Heidelberg,0,na,1
LBW,Landesrektorenkonferenz Baden-Wuerttemberg,0,na,1
KSKDSTVNZK,katholischen Studentenverbindung K.D.St.V. Normannia zu Karlsruhe,0,na,1
IAOG,International Association of Geomorphologists,0,na,1
DADT,Deutsche Akademie der Technikwissenschaften,0,na,1
MRN,Metropolregion Rhein-Neckar,0,na,1
DAI,Deutschen Archaeologischen Instituts,0,na,1
DADNL,Deutsche Akademie der Naturforscher Leopoldina ,0,na,1
KDFHB,Kultur der Freien Hansestadt Bremen,0,na,1
GrPe,Greenpeace,0,na,1
TiBr,Tierschutzverein Bremen,0,na,1
ArWo,Arbeitswohlfahrt,0,na,1
ASB,Arbeiter-Samariter-Bund,0,na,1
DeSc,Deutsche Schillergesellschaft,0,na,1
KuBr,Kunstverein Bremen,0,na,1
BP,Bremer Philharmoniker,0,na,1
JKSB,Jugend Kunst Stiftung Bremen ,0,na,1
ThBr,Theater Bremen ,0,na,1
FM,Focke-Museum ,0,na,1
UeMu,Uebersee-Museum,0,na,1
MuBr,Musikfeste Bremen,0,na,1
GV,Glocke Veranstaltungs GmbH,0,na,1
BDI,Bundesministeriums des Innern,0,na,1
ZJ,Zentralarchiv Juden,0,na,1
FH,Finanzministerkonferenz Hessen,0,na,1
SDV,Studienstiftung des deutschen Volkes ,0,na,1
HIAA,Heidelberger Inspiration am Abend ,0,na,1
LDJGIH,Landesverband der Juedischen Gemeinden in Hessen,0,na,1
ZDJID,Zentralrat der Juden in Deutschland,0,na,1
JGO,Juedische Gemeinde Offenbach,0,na,1
LBS,Ludwig-Boerne-Stiftung,0,na,1
ESKZS,Europaeische Stiftung Kaiserdom zu Speyer,0,na,1
JWGU,Johann Wolfgang Goethe-Universitaet,0,na,1
IBPFV,Ignatz-Bubis-Preis fuer Verstaendigung,0,na,1
SDFDEJE,Stiftung Denkmal fuer die ermordeten Juden Europas,0,na,1
DeNa,Deutsche Nationalstiftung,0,na,1
FFJSUK,Foerdervereins fuer Jiddische Sprache und Kultur e. V,0,na,1
ASF,Aktion Suehnezeichen Friedensdienste,0,na,1
SJ,Stiftung 20. Juli 1944,0,na,1
OIDHS,Oper in der Hersfelder Stiftsruine,0,na,1
FDDF,Freundeskreis des Deutschen Filminstituts e. V,0,na,1
WRG,Walther Rathenau Gesellschaft e. V.,0,na,1
ZDF,Zweite Deutsche Fernsehen,0,na,1
AJC,American Jewish Committee,0,na,1
SFI,Sigmund-Freud-Institut,0,na,1
LBI,Leo Baeck Instituts,0,na,1
SADWZL,Saechsischen Akademie der Wissenschaften zu Leipzig,0,na,1
JMB,Juedisches Museum Berlin,0,na,1
LB,Leutkircher Bank,0,na,1
FDP,FDP,0,na,1
ADMW,ADMW GmbH,0,na,1
EW,Europaeisches Wirtschaftsforum,0,na,1
BD,Bundesverbands Deutscher Mittelstand,0,na,1
UR,Universitaet Regensburg,0,na,1
UZ,Universitaet Zuerich,0,na,1
ScNa,Schweizerischer Nationalfonds SNF,0,na,1
ElSc,Elektro-Schillinger GmbH,0,na,1
IHK,IHK Industrie- und Handelskammer ,0,na,1
OZ,OZ-Verlags-GmbH,0,na,1
MG,Media Group Medweth GmbH,0,na,1
SD,Stiftung der Deutschen Wirtschaft,0,na,1
VD,Verband deutscher Unternehmerinnen,0,na,1
HU,Heidelberger Unternehmerinnen e.V.,0,na,1
FrHeFr,Freundeskreis des Heidelberger Fruehlings,0,na,1
FT,Freundeskreis des Theaters & Philharmonischen Orchesters,0,na,1
FK,Freundeskreis des Kurpfaelzischen Museums,0,na,1
TH,Tiergartenfreunde Heidelberg e.V.,0,na,1
FL,Fuehrungsakademie des Landes Baden-Wuerttemberg,0,na,1
MLP,MLP Finanzberatung SE,0,na,1
GeSt,German Stem Cell Network (GSCN),0,na,1
HiHe,Hi-stem - Heidelberg gGmbH,0,na,1
DeKr,Deutsches Krebsforschungszentrum,0,na,1
NC,Nationales Centrum fuer Tumorerkrankungen,0,na,1
FHPM,Fachhochschule Potsdam,0,na,1
AW,Arbeiterwohlfahrt,0,na,1
HC,Helsinki Citizens’ Assembly (HCA),0,na,1
DeTs,Deutsch - Tschechische und Slowakische Gesellschaft e.V.,0,na,1
FD,Forum Demokratischer Sozialismus,0,na,1
HoBu,Hochschule der Bundesagentur fuer Arbeit,0,na,1
DTG,Deutsch-Technisches Gespreachsforum,0,na,1
OU,Open University of Israel e.V.,0,na,1
WePf,Weißer Pfau e.V.,0,na,1
EvBa,Evaluationsagentur Baden-Wuerttemberg,0,na,1
BG,Buendnis 90/Die Gruenen,0,na,1
GE,Gewerkschaft Erziehung und Wissenschaft (GEW),0,na,1
BU,Bund fuer Umwelt und Naturschutz Deutschland,0,na,1
KG,Karlsruher Gemeinderat,0,na,1
KaMe,KMK (Karlsruher Messe- und Kongress GmbH),0,na,1
StGm,Stadtmarketing GmbH,0,na,1
StKl,Staedtisches Klinikum,0,na,1
KF,Karlsruher Faecherbad GmbH,0,na,1
KB,Karlsruher Baedergesellschaft,0,na,1
StHe,Stiftungsrat Heimstiftung Karlsruhe,0,na,1
BK,Badisches Konservatorium,0,na,1
VK,Volkshochschule Karlsruhe,0,na,1
RMO,Regionalverband Mittlerer Oberrhein,0,na,1
VJ,Verein fuer Jugendhilfe Karlsruhe e.V,0,na,1
SeSe,Secorvo Security Consulting GmbH,0,na,1
DD,Datenschutz und Datensicherheit,0,na,1
CF,CyberForum e.V.,0,na,1
SI,Stiftung Internationale Musikschulakademie Kulturzentrum Schloss Kapfenburg,0,na,1
SZ,Stauferklinikum - Zentrum fuer Innere Medizin,0,na,1
FEM,Forschungsinstitut fuer Edelmetalle und Metallchemie,0,na,1
DGG,Deutsche Gesellschaft fuer Galvano- und Oberflaechentechnik,0,na,1
AIF,Arbeitsgemeinschaft industrieller Forschungsvereinigungen,0,na,1
ZOS,Zentrum fuer Oberflaechentechnik Schwaebisch Gmuend e.V.,0,na,1
EM,Edelmetallverband e.V.,0,na,1
EA,European Academy of Surface Technology,0,na,1
EGL,Eugen G. Leuze Verlag,0,na,1
SBW,Staatsgerichtshof Baden-Wuerttemberg,0,na,1
SBL,Sozialberatung Ludwigsburg e.V,0,na,1
FrJe,Freundeskreis Jevpatorija e.V,0,na,1
BL,Buergerstiftung Ludwigsburg,0,na,1
RoYoLi,Rock Your Life,0,na,1
SC,Sumida Corporation,0,na,1
FFT,Franzoesische Filmtage Tuebingen-Stuttgart,0,na,1
TT,Toker telecom,0,na,1
SELF,SELF e.V.,0,na,1
DA,Deutsche Aktuarvereinigung,0,na,1
DGVF,Deutsche Gesellschaft fuer Versicherungs- und Finanzmathematik ,0,na,1
FTR,FinTechRat,0,na,1
BF,Bitkom Fachausschuss,0,na,1
HVBF,HVB Frauenbeirat,0,na,1
ENA,European Network Architecture,0,na,1
GePu,Geschichtsverein Pfullingen ,0,na,1
TRT,TriRhenaTech,0,na,1
DS,Deutscher Staedtetag,0,na,1
STBW,Staedtetag Baden-Wuerttemberg,0,na,1
FSF,Friesenheimer Schul-Foerderverein,0,na,1
BEM,Buerger-Energiegenossenschaft E-Werk Mittelbaden,0,na,1
KP,Karlsruher Praesidentinnen,0,na,1
FFBB,Freundeskreis Festspielhaus Baden-Baden,0,na,1
GS,Grenke-Stiftung,0,na,1
SZBB,Schachzentrum Baden-Baden,0,na,1
MKS,Muenchner Kreis,0,na,1
ICC,Industrial Consortium Committee,0,na,1
VOE,Verwaltungsrat der Oberschwaebischen Elektrizitaetswerke,0,na,1
EuMi,Europa Minikoeche,0,na,1
UnHo,Universitaet Hohenheim,0,na,1
GA,Gaertnern fuer Alle,0,na,1
EKFM,Europaeisches KulturForum Mainau,0,na,1
TNL,Tagung der Nobelpreistraeger in Lindau,0,na,1
PID,Plan International Deutschland,0,na,1
AKLF,Aufsichtsrat der Krankenhaeuser Landkreis Freudenstadt,0,na,1
KSF,Kreissparkasse Freudenstadt,0,na,1
NSNS,Nationalpark-Rat des Nationalparks Schwarzwald,0,na,1
TBW,Tourismusverband Baden-Wuerttemberg,0,na,1
ScTo,Schwarzwald Tourismus ,0,na,1
DFHS,Deutsch-Franzoesischen Hochschule,0,na,1
IFM,Institut français Mannheim,0,na,1
StMa,Stadt Mannheim,0,na,1
DFG,Deutsche Forschungsgemeinschaft,0,na,1
EB,Editorial Board,0,na,1
RIDLI,Revista Internacional de Lingueística Iberorrománica,0,na,1
DAA,Deutscher Akademischer Austauschdienst,0,na,1
SDDV,Studienstiftung des Deutschen Volkes,0,na,1
FES,Friedrich-Ebert-Stiftung,0,na,1
LCI,Lions Clubs International,0,na,1
ArMa,Arbeitsgericht Mannheim,0,na,1
VDPMUE,Verband der Pfaelzischen Metall- und Elektroindustrie e. V.,0,na,1
BDS,Bauen digital Schweiz,0,na,1
EnSt,Enterprise Stiftung,0,na,1
KaRo,Kantonsschule Romanshorn,0,na,1
TSFWF,Thurgauische Stiftung fuer Wissenschaft und Forschung,0,na,1
AH,Architektenkammer Hessen,0,na,1
BDA,Bund Deutscher Architekten,0,na,1
KAKIK,Kasseler Architekturzentrum im Kulturbahnhof,0,na,1
B,Bundesarchitektenkammer e.V.,0,na,1
PBGZDDPBUB,"planen-bauen 4.0 – Gesellschaft zur Digitalisierung des Planens, Bauens und Betreibens mbH",0,na,1
DIFN,Deutsches Institut fuer Normung,0,na,1
BFB,Bundesverband freier Berufe,0,na,1
BuBa,Bundesstiftung Baukultur,0,na,1
DSD,Deutsche Stiftung Denkmalschutz,0,na,1
IFS,Institut fuer Stadtbaukunst,0,na,1
ETHWPF,ETH Women Professors Forum,0,na,1
FRS,Future Resilience System,0,na,1
CFROED,Center for Research on Environmental Decisions,0,na,1
OEBUVNW,Oebu - Verband fuer nachhaltiges Wirtschaften,0,na,1
SN,Schweizerische Nationalbank ,0,na,1
KSA,KS Aktiengesellschaft,0,na,1
CHBS,C.H. Boehringer Sohn AG und Co. KG,0,na,1
FIFAUIS,Fraunhofer-Institut fuer Angewandte und Integrierte Sicherheit,0,na,1
CFASRD,Center for Advanced Security Research Darmstadt,0,na,1
VFDF,Verein zur Foerderung eines Deutschen Forschungsnetzes e. V.,0,na,1
OFFISII,OFFIS – Institut fuer Informatik,0,na,1
BITUNM,"Bundesverband Informationswirtschaft, Telekommunikation und neue Medien",0,na,1
ESB,Einstein-Stiftung Berlin,0,na,1
ADADT,acatech – Deutsche Akademie der Technikwissenschaften,0,na,1
BADW,Bayerische Akademie der Wissenschaften,0,na,1
VDV,Vereinte Dienstleistungsgewerkschaft verdi,0,na,1
StKa,Stadt Karlsruhe,0,na,1
TUB,Technischen Universitaet Berlin,0,na,1
MPI,Max-Planck-Institut,0,na,1
ALS,Alcatel-Lucent Stiftung,0,na,1
JQS,Johanna-Quandt-Stiftung,0,na,1
BMWSHQ,BMW Stiftung Herbert Quandt,0,na,1
ED,Entrust Datacard,0,na,1
Su,Suedzucker AG,0,na,1
LAIBW,Lenkungskreis „Allianz Industrie 4.0 Baden-Wuerttemberg“,0,na,1
BaWuIn,Baden-Wuerttemberg International (bw-i),0,na,1
VDMABW,VDMA (Verband Deutscher Maschinen- und Anlagenbau) Baden-Wuerttemberg,0,na,1
TUIG,TUI Group,0,na,1
HBS,Heinrich-Boell-Stiftung,0,na,1
DEK,Deutsch Evangelischer Kirchentag,0,na,1
DSS,Dieter Schwarz Stiftung,0,na,1
EEBW,evalag Evaluationsagentur Baden-Wuerttemberg,0,na,1
PHK,Paedagogische Hochschule Karlsruhe,0,na,1
TUM,Technischen Universitaet Muenchen,0,na,1
IEK,Initiative Erfurter Kreuz e.V.,0,na,1
TF,Thex Frauensache,0,na,1
FFGJ,Freiwilligen Feuerwehr Goeppingen-Jebenhausen,0,na,1
BEB,Bundesverbandes Energiespeicher e. V. Berlin,0,na,1
We,Welthungerhilfe,0,na,1
UU,Universitaet Ulm,0,na,1
G,Gerresheimer AG,0,na,1
EISPE,Expertenverbands ISPE,0,na,1
EFB,European Family Businesses ,0,na,1
H,Henkel AG und Co. KGaA,0,na,1
DT,Deutschen Telekom AG,0,na,1
RB,Robert Bosch GmbH,0,na,1
DW,Deutschen Wissenschaftsrat,0,na,1
LMTGO,"LMT Leading Metalworking Technologies Group, Oberkochen",0,na,1
BDDA,Bundesvereinigung der Deutschen Arbeitgeberverbaende,0,na,1
ES,Europaeischer Sozialfonds,0,na,1
DDS,Diversity der Suedwestmetall,0,na,1
FIDW,Frauen in der Wirtschaft,0,na,1
HSFGSG,Hochschule fuer Gestaltung Schwaebisch Gmuend,0,na,2
HSFGK,Hochschule fuer Gestaltung Karlsruhe,0,na,2
KK,Kunstakademie Karlsruhe,0,na,2
IHSL,Internationale Hochschule Liebenzell,0,na,2
PHSW,Paedagogische Hochschule Weingarten,0,na,2
PHSF,Paedagogische Hochschule Freiburg,0,na,2
PHSH,Paedagogische Hochschule Heidelberg,0,na,2
PHSK,Paedagogische Hochschule Karlsruhe ,0,na,2
PHSS,Paedagogische Hochschule Schwaebisch Gmuend,0,na,2
PHSL,Paedagogische Hochschule Ludwigsburg,0,na,2
PHTS,Paedagogische Hochschule Thurgau Schweiz,0,na,2
HSU,Hochschule Ulm,0,na,2
HSR,Hochschule Reutlingen,0,na,2
HSDM,Hochschule der Medien,0,na,2
AkSt,Akademie der Bildenden Kuenste Stuttgart,0,na,2
HoScHe,Hochschule fuer juedische Studien Heidelberg,0,na,2
HoScKa,Hochschule fuer Musik Karlsruhe,0,na,2
HoScMa,Hochschule fuer Musik und Darstellende Kunst Mannheim,0,na,2
MHF,Musikhochschule Freiburg,0,na,2
MHS,Musikhochschule Stuttgart,0,na,2
HSM,Hochschule Mannheim,0,na,2
KIT,Karlsruher Institut fuer Technologie,0,na,2
HSH,Hochschule Heilbronn,0,na,2
HSE,Hochschule Esslingen,0,na,2
HSB,Hochschule Biberach,0,na,2
HSAS,Hochschule Albstadt-Sigmaringen,0,na,2
HSA,Hochschule Aalen,0,na,2
HSKZ,Hochschule Konstanz,0,na,2
HSF,Hochschule Furtwangen,0,na,2
HSK,Hochschule Karlsruhe,0,na,2
HSFR,Hochschule fuer Forstwirtschaft Rottenburg,0,na,2
HSO,Hochschule Offenburg,0,na,2
HSWUNG,Hochschule fuer Wirtschaft und Umwelt Nuertingen Geislingen,0,na,2
HSTS,Hochschule fuer Technik Stuttgart,0,na,2